student_id,income_level,attendance_rate,academic_score,payment_history,fee_default
1,low,0.5925664644193098,63.0852841867953,on_time,0
2,high,0.770950473689179,62.348939953599995,late,1
3,medium,0.9364729179382041,95.31272902605184,on_time,0
4,medium,0.8661124432047806,62.477309992475305,on_time,0
5,low,0.9032805739307248,63.59748630643155,on_time,0
6,low,0.8293916833553587,87.96991312089818,late,0
7,low,0.8461382822589263,72.486992122527,missed,0
8,high,0.9245978257826597,88.83552784775907,on_time,0
9,medium,0.624834004429593,53.26830787821926,on_time,0
10,medium,0.7447124818215702,74.37855968366921,on_time,0
11,low,0.6106047209098011,51.680680009164135,on_time,0
12,high,0.9938340039983236,53.13266017276773,on_time,0
13,high,0.9720296698433066,95.32187266722055,on_time,0
14,low,0.519713405684253,56.96226855587976,on_time,0
15,low,0.8527875862578442,76.62103411376086,on_time,0
16,low,0.9626241587078329,70.55478013003533,on_time,0
17,low,0.5902876725636668,67.36716631294213,late,1
18,medium,0.7839726152763147,94.99166728436361,on_time,1
19,medium,0.9577441487940209,51.091169838774476,on_time,0
20,low,0.5169729892928994,83.18948430877946,late,0
21,medium,0.84871013362342,98.16972171067752,on_time,0
22,low,0.6486745036862753,78.0084091730921,on_time,0
23,low,0.9621980976882651,96.84112310165459,on_time,0
24,low,0.9855291225826839,52.612893964301186,on_time,1
25,medium,0.972133244556717,70.93966595370807,on_time,0
26,medium,0.7371071083287319,63.007889548102554,on_time,1
27,low,0.9310213254946567,86.54104824903649,missed,0
28,medium,0.9222746992675352,99.06485452486234,on_time,0
29,medium,0.6595502366216278,62.82650312221239,on_time,0
30,low,0.9144577370753386,82.70873007370372,on_time,0
31,medium,0.5185038173577463,59.904881637987,on_time,0
32,low,0.7981349392410265,78.2665127285805,on_time,0
33,low,0.6150044186438515,73.19662433441681,late,0
34,high,0.5602834428886394,98.60026648157685,on_time,1
35,high,0.5384766008146046,80.42636363482333,on_time,0
36,high,0.8481443879390699,67.47531860434094,on_time,1
37,low,0.6699374818840331,55.704789244396665,on_time,1
38,low,0.8623833857643808,57.56234143674673,missed,0
39,medium,0.5326781703994712,61.26584649756175,on_time,0
40,medium,0.6576451689153051,62.5483330670149,on_time,0
41,low,0.7697456461876686,92.5308028920569,on_time,1
42,medium,0.8953615824194818,78.06113941412625,missed,0
43,low,0.659376251466035,76.16954556871832,on_time,0
44,high,0.8129456882185045,55.73844359346087,on_time,0
45,low,0.9429888741180936,93.00698466747176,late,0
46,medium,0.8079315940911522,86.14071516042418,late,0
47,low,0.6164797373768169,53.38341809500008,on_time,0
48,medium,0.5122003907782691,85.39175486148844,on_time,0
49,medium,0.9350494369504649,77.1769108671323,on_time,1
50,low,0.5106347054251936,54.08626728733891,on_time,0
51,high,0.9373508363420997,72.91503207643282,on_time,1
52,medium,0.764468567013606,74.23481435650234,on_time,0
53,high,0.969533849256448,58.28872700816379,on_time,1
54,high,0.8993916178868326,97.28490735001412,on_time,0
55,medium,0.9989670552666687,92.4987685740331,on_time,0
56,high,0.6753559077258551,83.45111686645541,missed,0
57,low,0.8835941444655635,73.11477805003037,on_time,1
58,low,0.7009654568046211,70.58827707922542,on_time,0
59,low,0.7399378101519545,82.5486733575477,on_time,1
60,low,0.813752731609185,77.27159347034527,missed,1
61,low,0.9368385570931694,53.11365529409428,on_time,0
62,low,0.9920417345996475,75.62513243851659,on_time,0
63,high,0.8841367069322591,90.32018086164197,on_time,0
64,low,0.7088833910836669,72.96199387984791,on_time,0
65,low,0.710678501138535,52.59782887771342,on_time,1
66,medium,0.8687911507944457,89.31390996920166,on_time,0
67,low,0.6193885728841512,60.06818910679872,on_time,0
68,high,0.5552370565656973,62.93104174440194,missed,1
69,low,0.6773110788203882,58.235317671614794,on_time,0
70,high,0.6436194958270409,66.51075324357488,on_time,1
71,medium,0.648154060227995,87.83757528443175,late,0
72,low,0.616803875524955,75.96929297519686,on_time,0
73,low,0.5210465948181809,60.24406370753563,on_time,0
74,high,0.5089369673667069,93.89150390760204,on_time,0
75,medium,0.9938611948680158,93.97909274757646,on_time,0
76,medium,0.7138865668679312,93.52892125230034,late,0
77,medium,0.6921633235798408,61.93981056907697,missed,0
78,low,0.839823641346535,72.56196720904941,on_time,0
79,low,0.6091269439325321,99.24948280704376,on_time,0
80,low,0.9749805919751127,88.60062381549952,missed,0
81,high,0.8931725072077761,51.35837106127799,late,0
82,medium,0.5447055011561297,53.2602295630246,late,0
83,low,0.7087903878924642,73.19656884061664,on_time,0
84,low,0.9395591537810823,95.461010293078,on_time,0
85,low,0.9723660111457051,76.93508989763572,late,0
86,low,0.7337007556249349,74.89062540171452,on_time,0
87,medium,0.8067056946053539,55.27368499783153,on_time,0
88,medium,0.5835169730460377,82.8390052362147,on_time,0
89,high,0.9955843130684883,91.10515803001127,on_time,1
90,medium,0.6158358506917216,69.02100037537812,on_time,0
91,low,0.9713658870675628,88.78059254626638,on_time,0
92,medium,0.8248233244961842,98.22383269504058,missed,0
93,medium,0.8038683974394296,60.188322956384454,on_time,0
94,medium,0.7563442555082542,76.16648155973706,late,1
95,medium,0.6153349058588793,64.35689790422877,on_time,0
96,medium,0.5882640160027541,89.64272095169197,on_time,0
97,medium,0.6102431045350877,78.87966829405788,missed,0
98,medium,0.5932191310721273,81.72912087751519,on_time,0
99,low,0.8897922367833766,89.8957079807947,on_time,0
100,low,0.675062629583365,69.79852363312274,on_time,0
101,low,0.5289213382816982,95.75450342035217,on_time,0
102,medium,0.9845513150704057,76.65144336230699,late,0
103,low,0.9418929424817128,57.8977411417674,missed,0
104,medium,0.9638761415976065,84.79495590844013,on_time,0
105,high,0.9974539113232177,89.66306752191272,on_time,0
106,low,0.5869476246097436,65.83808385337633,on_time,0
107,medium,0.6981210094513294,92.85896284993765,late,1
108,medium,0.8791192378520456,95.30716273828833,on_time,0
109,low,0.8480103090268961,63.84522436889045,on_time,1
110,low,0.5769479531699275,99.1760736357611,on_time,0
111,low,0.9079165624953089,57.03557640243792,on_time,0
112,low,0.6122202859183303,60.1007834201245,on_time,0
113,high,0.6119088074113115,59.21124196190131,late,0
114,high,0.7684872114467067,94.69948550039352,on_time,0
115,medium,0.7964699674208515,82.7146276162481,on_time,0
116,high,0.7900431039189055,57.60521416111364,late,0
117,high,0.5457434186988774,72.01617091841744,late,1
118,low,0.9387304313151902,80.76490125349011,on_time,0
119,high,0.632800021294353,54.173204249469165,on_time,0
120,medium,0.5647574606414021,94.12081842036693,on_time,0
121,high,0.9443740399344887,90.18017677207675,on_time,0
122,high,0.9778257491148767,75.26033867883191,on_time,0
123,low,0.9310638086327253,98.35633076295852,on_time,0
124,low,0.9047580373624391,70.88804896375498,on_time,1
125,low,0.8276209903195109,99.20551595182489,late,0
126,medium,0.7754286853045697,83.39599994018135,on_time,0
127,high,0.5434933799557051,81.73356366269707,on_time,0
128,high,0.7042266065353493,58.29774476478925,on_time,1
129,low,0.686344258506157,94.0963879152322,missed,0
130,medium,0.6298768918801632,71.37448439603077,late,0
131,medium,0.8617100568442925,58.111670289123964,late,0
132,low,0.7479378675393854,50.630375998787954,late,0
133,low,0.540523107953824,77.98778418191912,missed,0
134,low,0.6100916009749057,76.36998110613382,on_time,0
135,high,0.841629381829798,85.96768111845793,on_time,0
136,low,0.5380654297451501,94.51290265089011,on_time,0
137,medium,0.9256034570243843,53.97032923215148,late,0
138,medium,0.7475732635069872,86.57482451701811,late,0
139,low,0.740293288663324,59.37059720487911,on_time,0
140,high,0.7962038923297587,92.9088526578582,on_time,0
141,high,0.9123404829625745,90.95317569308281,on_time,0
142,low,0.6739046039510965,77.03968774927722,missed,0
143,medium,0.8390080762795318,85.51213993116558,on_time,0
144,low,0.7828659819978956,65.71750565918742,on_time,1
145,low,0.6335141350847107,73.55839494664073,on_time,1
146,low,0.939314993177579,91.08184488552358,on_time,0
147,medium,0.898713010803464,72.96325985866069,late,0
148,medium,0.8292259173292127,67.88991326627209,on_time,0
149,low,0.925290864547121,74.710622362515,late,0
150,low,0.9336471004799012,91.41246262186093,on_time,0
151,high,0.8541814883575174,66.76040236854364,on_time,0
152,low,0.918506664181836,58.68807965678719,on_time,0
153,low,0.8487357308346418,85.60070101653903,late,0
154,medium,0.8400703858801502,91.2989106354041,on_time,0
155,high,0.8093056891075922,55.031873926176665,on_time,0
156,low,0.8763583197788206,61.993705637797234,on_time,0
157,medium,0.5793025526465369,57.09859948804969,missed,0
158,medium,0.9404353795994642,67.39707057910833,on_time,1
159,low,0.935921763872616,72.51754894527063,late,1
160,medium,0.5146236415172796,87.44131684816531,on_time,0
161,low,0.9129083752823813,82.5573792440837,on_time,0
162,medium,0.5644349337367226,81.04642837392156,on_time,0
163,medium,0.667559427129571,67.61874733048272,on_time,0
164,medium,0.8717541281458039,92.072377654238,on_time,0
165,low,0.580379948024154,73.56435836990823,on_time,0
166,high,0.9089835120595311,98.95524690075773,on_time,0
167,low,0.9160670889788709,81.70710691478683,missed,0
168,low,0.7537338668804181,56.313237078225136,on_time,0
169,low,0.5031929358584168,83.80887810377169,late,0
170,medium,0.6435190665874564,66.25520077158495,on_time,0
171,medium,0.8084634591878711,84.31635983430488,on_time,0
172,low,0.9905930890137118,53.48205740812028,on_time,1
173,medium,0.8159067635083341,58.744071858797966,on_time,0
174,low,0.6299017905320798,92.78686294528931,on_time,0
175,medium,0.8170028515498057,61.358977851175744,on_time,1
176,low,0.7699926898579277,91.852056262147,on_time,1
177,medium,0.8899226975755719,63.96380442272052,on_time,0
178,low,0.5534903194134793,82.14409550293539,late,1
179,high,0.8805139512510141,84.70752867549155,late,0
180,low,0.7706332893380552,75.63273765725265,on_time,0
181,low,0.9814960019294974,65.26553383483656,on_time,0
182,low,0.670936083019343,60.632218818554804,on_time,0
183,high,0.816310946566974,51.659467728121314,on_time,0
184,high,0.9660140527550087,65.1973200620362,on_time,0
185,low,0.5512548639953396,82.65813952656416,on_time,0
186,medium,0.9686142436182256,96.91524092242413,on_time,0
187,high,0.8439428611504067,93.5602241131526,on_time,0
188,medium,0.5339185295525859,88.30323882676512,on_time,0
189,medium,0.6504817834734081,89.42236716266493,late,0
190,low,0.8540860443226408,83.24924517379976,late,0
191,low,0.5336753007343858,63.01434287830015,on_time,0
192,high,0.7910852300881366,95.3597515352915,missed,1
193,high,0.6729415284764784,83.53661559529169,missed,0
194,medium,0.8104577588837385,78.02203154902199,on_time,0
195,low,0.5228710169062565,55.54947346067405,on_time,0
196,low,0.9357684030761881,72.35277719032126,on_time,0
197,medium,0.9867444845886985,73.01791356009632,missed,0
198,high,0.9844389276428458,93.2281804761335,late,0
199,high,0.8748259158714624,77.33241100938943,on_time,0
200,medium,0.565043120065316,69.02002744852048,on_time,0
201,medium,0.8791315979645113,98.84001642553297,on_time,1
202,low,0.5122934582294008,55.536029666315784,on_time,0
203,low,0.5110617757644986,71.12742141559723,on_time,0
204,high,0.6618051095747706,52.10123375857027,late,1
205,medium,0.7443215952023329,86.99520603834651,on_time,0
206,low,0.8852037089038967,95.90382760995753,late,0
207,low,0.8416476883032527,64.00186647752447,late,0
208,medium,0.7229513531883742,92.91708383995604,late,0
209,low,0.636813333140833,64.61091152309488,on_time,0
210,low,0.9985622500788556,95.53850808219576,on_time,0
211,medium,0.7130906511179864,87.6980951798392,on_time,0
212,medium,0.7256935121648378,90.24533884207193,on_time,0
213,medium,0.5818119105958346,50.90032778002273,on_time,0
214,low,0.8974047743749647,98.1405178537013,on_time,0
215,medium,0.8468411128907443,86.33354960351616,on_time,0
216,low,0.6103848063943802,65.23755476930667,on_time,1
217,low,0.5411905228079213,91.46973324294234,on_time,0
218,medium,0.8402496510373565,64.0760599207465,on_time,0
219,medium,0.8272556071405677,93.6376919783064,late,0
220,high,0.6366297634991047,55.62901952059685,late,0
221,medium,0.9754317811252051,85.18429887303978,on_time,0
222,medium,0.5755289458904501,77.03492383224551,on_time,0
223,low,0.716167400521301,54.82672350977204,on_time,1
224,low,0.9718079600837994,62.09469141294195,on_time,1
225,low,0.7098636584630611,50.62020181386574,on_time,0
226,low,0.8192629738320427,73.43839827322529,late,0
227,high,0.6987971989813971,65.06326303800002,on_time,0
228,low,0.6371076011743351,79.91787421488795,on_time,0
229,high,0.9919888239799142,64.86189038543085,on_time,0
230,medium,0.7046670031575215,64.99595557534923,on_time,0
231,medium,0.9470496018395672,87.15965993658017,on_time,0
232,medium,0.6149773029455431,52.40714179891767,on_time,0
233,medium,0.6065523520125417,95.14474975959936,on_time,0
234,medium,0.5155670414422557,92.61319371955906,on_time,1
235,low,0.8258334126879425,83.39023416132034,on_time,0
236,medium,0.6842631718618806,79.66107850536922,on_time,0
237,low,0.9321791249198186,94.61512490698262,on_time,0
238,low,0.7366049533457786,59.26650897643572,missed,0
239,medium,0.9840967139573609,53.948458109541434,on_time,0
240,low,0.5927627578515606,61.9755084954769,on_time,0
241,high,0.9343115839778053,89.72891393500952,on_time,0
242,high,0.8882984263958709,51.733513336324165,on_time,0
243,high,0.885460922322026,79.14034175417449,on_time,0
244,low,0.9223916140584438,99.7718758095655,on_time,0
245,low,0.8805119954714995,92.78480469187697,late,0
246,high,0.8131101608157076,76.07228445217947,on_time,1
247,medium,0.5656224388411938,53.18204546433212,on_time,0
248,high,0.516263089745626,91.5686757192855,on_time,0
249,high,0.9604239239078434,79.94892540886053,late,0
250,high,0.808325157260369,55.746649852978344,on_time,1
251,low,0.8982686454880882,54.69286424116781,on_time,0
252,low,0.7407611757562751,95.48134097182961,on_time,0
253,high,0.5586540944811973,83.46001314690392,on_time,0
254,low,0.5625928961012752,91.46433996583778,on_time,0
255,low,0.8427826436144856,93.94894501411336,on_time,0
256,medium,0.7151529474497313,78.58861760241611,on_time,0
257,high,0.6002623633501684,75.87231758775206,on_time,1
258,medium,0.7457972733707184,71.5213705160495,on_time,0
259,medium,0.5321044685375671,65.84732938955597,on_time,0
260,low,0.7909857009571994,71.72979804293558,late,0
261,medium,0.6344967022175488,88.69398278650782,on_time,0
262,high,0.898779550318594,80.09617155075658,on_time,1
263,low,0.6551809794617869,94.62616449774231,on_time,0
264,medium,0.7276100745409007,72.16900071895938,on_time,0
265,high,0.5058102699540503,80.35447893593769,late,0
266,medium,0.5362234438972795,81.56537765459944,on_time,0
267,medium,0.6962467782033424,79.58485811531628,on_time,0
268,medium,0.7399694173585618,85.13168865427582,on_time,0
269,low,0.8000102740596519,61.871673418740315,on_time,1
270,low,0.6458312893546516,75.61818887728953,on_time,1
271,high,0.8474909430632713,55.21124014041738,on_time,0
272,high,0.9300611985946023,69.22556638224063,on_time,1
273,high,0.8899254944466749,74.38335343106323,late,0
274,high,0.5198094126741786,82.61121297727362,on_time,0
275,medium,0.7402534736289145,97.52655262931017,late,0
276,medium,0.5524650892090874,80.03255332741779,late,0
277,medium,0.6210225079312637,87.17969580882799,late,0
278,medium,0.9933312966335732,75.31330297476013,on_time,0
279,medium,0.5712477714507567,81.70520156881656,on_time,0
280,medium,0.749444076725678,53.54661080668867,late,0
281,high,0.8090778671590595,62.71957904209235,on_time,0
282,low,0.851232485272052,68.09265466025693,on_time,0
283,low,0.779824341743457,73.62466775032567,late,0
284,low,0.5048854237095919,52.282437275119186,late,0
285,medium,0.6632306541219959,57.001204877665884,on_time,0
286,low,0.7588558216923558,63.84071538956529,on_time,0
287,medium,0.5439332495724167,98.57663454505254,on_time,1
288,medium,0.6753134656045904,66.56735035515254,late,0
289,low,0.5166015543956832,74.10205290560413,missed,0
290,medium,0.5392892485775104,59.80488563691965,on_time,1
291,low,0.698461638100798,80.5390035537884,on_time,0
292,low,0.5663578770215302,64.03416077579871,late,0
293,high,0.783770424130779,60.34962892192134,on_time,0
294,low,0.8447324845686328,75.82863142229895,on_time,1
295,low,0.9002933495545414,50.27528995802104,missed,0
296,medium,0.600075122122405,50.383201632461265,on_time,0
297,medium,0.5837412911295349,60.95344045509289,on_time,0
298,low,0.5522839201672001,51.83606812504106,on_time,0
299,medium,0.8182151247718183,55.40128770653457,on_time,0
300,low,0.8532378632434505,66.94303246693758,late,0
301,low,0.515793072412821,90.12928397899064,on_time,0
302,medium,0.9681061231218449,78.60243216846504,missed,1
303,medium,0.5259856418257363,75.63338629782082,on_time,0
304,medium,0.7706481676505352,64.67444116040608,on_time,0
305,medium,0.8545302597254583,96.58768597164081,on_time,1
306,high,0.9354845618730427,69.85075206185958,on_time,0
307,medium,0.8570434660662138,54.35463833978857,on_time,0
308,low,0.9008640415348959,80.85332580589007,on_time,0
309,medium,0.669725096271403,55.69191967383007,on_time,1
310,low,0.9074125568732561,67.2611571400846,on_time,0
311,medium,0.5400574231923376,75.37059693589045,late,0
312,low,0.9474083280302639,93.71112623425878,on_time,1
313,low,0.7737961880768681,74.67732901700593,late,0
314,high,0.9086488849812469,85.11293830158321,on_time,1
315,high,0.72615914225915,99.64084194995351,on_time,1
316,medium,0.8217888475982624,56.57445599489908,on_time,0
317,medium,0.7632013304680566,63.73657627597598,on_time,0
318,low,0.8657947608776659,69.72880377988233,on_time,0
319,low,0.5408149910152948,71.09140892694157,late,0
320,low,0.5301760419952819,70.55105376327728,late,0
321,medium,0.6235516170050732,95.38055012782775,on_time,0
322,medium,0.5797723400565942,85.70163222334281,on_time,1
323,medium,0.9358917832961009,80.39526070453519,late,0
324,low,0.6096069936790222,65.46863589313911,on_time,0
325,high,0.9879326279095657,91.18951921106473,late,1
326,medium,0.6684478958855534,97.75302557424945,late,1
327,medium,0.5910589578443497,91.05991412751132,late,0
328,medium,0.8948492535712396,50.078255259573645,on_time,1
329,medium,0.8293538877504381,81.82006850917035,on_time,0
330,low,0.7490978582265695,52.556769072105034,on_time,1
331,low,0.7776817754688157,62.880361016686095,on_time,0
332,medium,0.859600889136132,52.97623501738858,late,0
333,low,0.6142273706656494,80.18977264746938,on_time,0
334,low,0.998166958028371,84.32949567463034,on_time,0
335,low,0.9873965810733916,55.72438190329525,late,0
336,low,0.8251628431734684,69.19194415224898,late,0
337,high,0.5997712254645726,72.8118254477771,missed,0
338,medium,0.8401141212156457,68.45265108804583,late,1
339,medium,0.5360992044895879,56.05125002425965,on_time,0
340,low,0.5153262511029031,70.94738950937378,on_time,0
341,medium,0.6288414442556068,87.55890239042091,late,0
342,medium,0.7313114783696582,53.550383226662774,on_time,0
343,low,0.9341362527041903,54.00900070409517,on_time,1
344,medium,0.863584534883154,67.73856459179922,on_time,1
345,low,0.8713532605999905,97.08628558094625,on_time,0
346,medium,0.7127466672240377,83.42863233614571,late,0
347,medium,0.6729674962734815,83.93349783362824,on_time,0
348,low,0.6855193814923013,68.09599954189325,on_time,0
349,low,0.9938247818680289,79.68303956042692,on_time,1
350,medium,0.5200545957062412,50.50655920138717,on_time,0
351,medium,0.9335157480612243,81.80480232047711,on_time,0
352,high,0.7893377042861967,95.66434737881184,on_time,0
353,medium,0.7193077095947953,80.62867341724096,missed,0
354,low,0.8626288302075682,93.68492967331724,on_time,1
355,low,0.7433344707123515,86.19865277330469,on_time,0
356,medium,0.9367116190408302,56.02792082018451,on_time,0
357,low,0.9503509320056293,95.12266536429209,on_time,0
358,medium,0.7108604634367277,53.322192217788746,on_time,0
359,high,0.6384138986175258,76.6983736273882,late,0
360,medium,0.7961751642966811,57.10685618967288,on_time,0
361,low,0.9561816728083454,50.5853305365452,late,0
362,medium,0.6053310945028333,71.10171300638194,on_time,0
363,medium,0.8114832917817414,64.75203538270782,on_time,0
364,medium,0.8157801100462603,74.30002468988015,on_time,0
365,high,0.8665565112076405,78.85999433672754,missed,0
366,low,0.5657838425636299,52.186953615447365,on_time,0
367,high,0.8579124823410442,56.15016475618728,on_time,0
368,high,0.9545162603328206,77.93211982252127,on_time,0
369,low,0.589841554435121,67.15836765863291,on_time,0
370,low,0.6187716624619388,86.45867437747239,on_time,0
371,low,0.9856975470208198,82.614582429597,on_time,0
372,low,0.5904884763547449,92.28021814949534,on_time,0
373,low,0.9271925466847896,84.62464133346126,on_time,0
374,medium,0.7461389282240174,71.49655386950741,on_time,0
375,low,0.6236155372015886,83.64833111972162,late,0
376,low,0.9353749506362556,63.76905871277093,late,0
377,high,0.7226526275013327,65.31567493891063,late,0
378,low,0.7574086769648452,89.44925799603966,on_time,1
379,high,0.6796166846998828,72.32097582007911,on_time,0
380,low,0.7964754257174638,89.91901702591763,on_time,0
381,low,0.5817619362925114,91.12111868341393,on_time,0
382,medium,0.6955407683258803,92.8781168830642,on_time,0
383,medium,0.9847061611676438,95.83176179206036,on_time,0
384,high,0.6290667163505638,71.5492610256648,on_time,0
385,medium,0.8283683322706461,65.94334091605694,on_time,1
386,high,0.6625950321123475,79.1099373297057,late,0
387,low,0.8867365628433004,68.55862117188138,on_time,1
388,low,0.5654368303591749,80.05370834001165,on_time,0
389,medium,0.9849105225392724,85.27929313219123,on_time,0
390,high,0.7268947706918196,84.42025092460685,on_time,0
391,high,0.618025231673232,68.72764435100606,on_time,0
392,medium,0.5367483736650063,58.34301008493764,late,0
393,low,0.5848789525437703,71.52646692311038,late,0
394,medium,0.7598869742780088,57.12970720409544,on_time,0
395,low,0.6685015882156431,94.50485175919042,missed,1
396,high,0.9144416829413047,67.29387303689288,missed,1
397,high,0.715443761830903,57.72298736116619,late,0
398,medium,0.624357136293815,51.272387995287545,late,0
399,medium,0.8085724933020151,82.29111931432422,on_time,0
400,medium,0.8533886084427229,81.84511587273715,on_time,0
401,low,0.5835209539504749,67.03020832906458,on_time,0
402,high,0.5838096081441588,53.58559444238255,on_time,0
403,medium,0.5183357134667714,70.4814447447616,missed,0
404,high,0.8682010075328203,65.56087475316968,on_time,0
405,low,0.8319022638109026,83.85603198675047,late,1
406,high,0.7373154378749069,80.28896247263452,late,0
407,low,0.9220852244845985,68.229686409877,late,1
408,low,0.9028350764750266,60.894627712749504,missed,0
409,high,0.792677182198376,99.40179830777959,on_time,0
410,low,0.9341356402566293,72.70008105980574,on_time,0
411,low,0.6029206050183842,84.41371178901186,on_time,0
412,high,0.5559598096988639,57.02764837891804,on_time,0
413,high,0.6348748057584948,74.27948498296989,on_time,0
414,medium,0.5285434280446575,51.37683599347327,on_time,0
415,medium,0.765584764000516,75.2727558955225,late,0
416,medium,0.9683028461474807,98.20087035588512,on_time,0
417,low,0.5196717703342548,69.21033564929002,on_time,0
418,low,0.5610549570050134,51.94980062874558,on_time,0
419,medium,0.7260995141417177,51.54778954596718,on_time,0
420,medium,0.9669375087639525,69.39933799734348,on_time,0
421,medium,0.6580780524883753,58.001246823159704,late,0
422,medium,0.7536174043441962,51.167604816409295,on_time,1
423,low,0.520786429525196,87.81068069750884,late,0
424,medium,0.5741716004810444,72.92615044409453,on_time,0
425,low,0.9933150614794235,64.46223859863272,late,0
426,medium,0.9825593482180228,95.00415915082404,on_time,0
427,medium,0.5024699904672048,55.80694801002628,on_time,0
428,high,0.9759058927116195,97.79594144776595,on_time,0
429,low,0.8195599689077502,65.69833586886764,late,0
430,low,0.9339591472600111,94.42018361543407,on_time,0
431,low,0.7273699278169296,80.14714382397308,on_time,0
432,medium,0.7577980142896251,91.33536798707436,missed,0
433,medium,0.7444232901284601,99.2006581605232,late,0
434,low,0.8334321287730522,64.42027189093729,on_time,1
435,low,0.5698256273781565,98.05677427037965,late,0
436,medium,0.5149867949363389,69.47409474512102,on_time,0
437,low,0.6539649707955955,69.27559523684612,on_time,0
438,high,0.8523403813683234,67.01935521272529,on_time,0
439,medium,0.6009267260614741,77.07038036737926,missed,1
440,low,0.8367162166624587,57.707252158924355,missed,0
441,low,0.9849560230536352,77.68557426790056,on_time,1
442,high,0.5469503578947092,77.0852406205002,on_time,1
443,low,0.8363010591125631,88.0950906302435,on_time,0
444,low,0.7218751096522855,91.68249809687927,missed,0
445,high,0.9340711271887527,72.0220675156212,missed,0
446,high,0.588574894723693,65.11666246757468,on_time,1
447,high,0.8463129761130823,62.96674486585472,late,0
448,medium,0.919057644824055,59.73119183524359,late,0
449,low,0.9723071097370116,52.882379109951245,on_time,0
450,low,0.8416240141448229,67.12239894173567,on_time,0
451,medium,0.7485873820042137,63.512384606539165,on_time,0
452,medium,0.8089236201006069,98.32086929332037,on_time,0
453,medium,0.9344524922393591,77.8854413125022,on_time,1
454,high,0.7853048733194148,67.36385195152538,on_time,1
455,low,0.5151935298484185,79.0233800496848,missed,1
456,medium,0.9654743477534888,56.95983506728477,on_time,0
457,low,0.8447633755157806,72.20218746011014,on_time,0
458,medium,0.8382566928886233,81.31171607105318,on_time,0
459,low,0.6078375761988586,74.44489158962257,on_time,0
460,low,0.8294427351163286,70.08894003271621,on_time,0
461,low,0.6969322028270792,99.6924194449849,on_time,0
462,medium,0.825616488520746,94.01573810744635,on_time,0
463,medium,0.5532965151539954,81.17029790797201,on_time,1
464,medium,0.8289226523015181,78.46886805911414,on_time,0
465,high,0.9997068628853333,81.0330239912292,on_time,0
466,low,0.524106019430278,60.065605391121665,late,0
467,low,0.9885870921106586,69.75688716321594,on_time,0
468,high,0.7034539803614352,51.972976644544964,on_time,0
469,low,0.9353767251686296,73.77730187434133,late,1
470,high,0.8911927420291368,77.15122919788315,on_time,1
471,low,0.7835081304933339,61.38748680516048,on_time,1
472,high,0.8692246046256633,98.20144235827568,late,1
473,low,0.9392577806506739,95.4727305468621,on_time,0
474,high,0.7020701608255164,86.1071617727953,on_time,0
475,medium,0.6635165807816193,76.66933143826813,late,0
476,high,0.8337966927817924,93.49845798238425,late,0
477,low,0.9039229709706293,56.532617191173145,missed,0
478,medium,0.8811425673883079,89.52548971374425,on_time,0
479,high,0.8989068244293172,56.24104069834242,on_time,0
480,medium,0.7177916574064664,89.71053312747027,on_time,0
481,medium,0.9089171080875108,63.78837841256785,on_time,0
482,medium,0.5601045276853043,93.85452905090945,on_time,0
483,medium,0.7722445489804248,97.2021046912699,on_time,0
484,medium,0.5028793302490608,57.43979847025578,missed,0
485,medium,0.6622929149501351,73.13378025326968,on_time,0
486,high,0.683230767435699,99.04936890813426,on_time,0
487,low,0.6980863458046277,74.17037179865733,on_time,0
488,low,0.8477336033449311,93.17737612572725,on_time,0
489,high,0.6942790506351728,79.436576106566,on_time,0
490,high,0.7243468113112653,68.76649539598009,on_time,0
491,medium,0.6187720654371638,64.28917777629351,on_time,0
492,medium,0.68662589581467,60.16115455430436,on_time,0
493,low,0.6136348136315757,88.08990956888486,late,0
494,low,0.5365979618842218,69.3270253411514,late,0
495,medium,0.801724296690689,75.56377311003756,on_time,0
496,low,0.8341063992775082,74.6162740000591,on_time,0
497,medium,0.8097451730048073,78.86395146165657,late,0
498,low,0.7317470219002862,93.2788572812276,late,0
499,high,0.6898928900896149,99.03696717917147,on_time,0
500,high,0.9316668247859126,70.37921042869084,late,0
501,medium,0.7595408925681091,91.37594610531515,on_time,0
502,medium,0.7395909388148655,88.22638973273588,late,0
503,low,0.5128210329032179,78.67644757277867,missed,0
504,high,0.6706239138130782,97.80235718059666,on_time,0
505,medium,0.6900978093929285,60.023725776420136,late,0
506,low,0.6994113904484502,55.46321051548107,on_time,0
507,high,0.7900861846136662,92.69809834777111,missed,0
508,high,0.7668012733634393,71.95749083168741,on_time,0
509,high,0.8039525463967223,92.34844271035303,late,0
510,medium,0.8824416307710641,94.65451025977075,on_time,1
511,medium,0.9064928693580467,53.122879680953574,on_time,0
512,medium,0.8590615381132471,94.17323814930303,on_time,0
513,high,0.9777618479774673,72.4159527684711,missed,0
514,high,0.5091162913381808,75.52162445021162,late,0
515,low,0.597888992841773,81.32962555466051,late,0
516,low,0.503781437489071,96.31913033650434,missed,0
517,low,0.8237373570773014,50.9558047214882,on_time,0
518,high,0.9490152744749935,73.84217341589085,on_time,1
519,high,0.6217411482881496,84.38610212152804,on_time,0
520,low,0.9635172723981533,86.13534788491143,on_time,0
521,medium,0.5301336951447804,84.6266215768554,on_time,1
522,low,0.9672180134027571,56.72175647040609,on_time,0
523,high,0.6758113436198172,64.96977941858407,on_time,1
524,high,0.5507104142246082,67.93577627085068,on_time,0
525,high,0.7429358795931629,90.22186038397524,on_time,1
526,medium,0.6283882838602539,63.93799362072765,on_time,0
527,medium,0.6424364509809615,60.53524819336016,missed,0
528,low,0.6536449824631433,97.87240095190481,late,1
529,low,0.9015129489163317,50.443164255673445,missed,0
530,high,0.7695806383376272,99.89104278409891,on_time,0
531,high,0.6556538495780018,83.84106494286978,on_time,0
532,high,0.8051668916554592,91.42346497245586,late,0
533,high,0.8580753371115968,64.73096981730966,on_time,0
534,medium,0.6363120003667668,50.715763883353,on_time,0
535,medium,0.7067745507626757,86.8934759280765,on_time,0
536,high,0.5609430466684737,91.7072298500338,on_time,0
537,high,0.5905746747673402,87.02380659767596,on_time,0
538,low,0.8405589269824914,57.14251436504193,on_time,0
539,medium,0.5907191738478135,87.67139611284846,on_time,0
540,low,0.7625816918335301,88.44613910538206,on_time,0
541,high,0.8545231308612163,82.92702578350274,on_time,0
542,medium,0.553438461547372,88.30579663977932,late,0
543,low,0.7836561098144518,92.2960719838866,on_time,0
544,medium,0.6282813918506819,80.68020571187293,on_time,0
545,medium,0.9814634376187898,54.430235698483955,late,0
546,low,0.7417728233599623,74.38139048336055,on_time,1
547,low,0.902996274887579,53.88246673358025,on_time,0
548,medium,0.7751132710781309,70.37715155162154,on_time,0
549,medium,0.5217062664274096,70.35532445628138,on_time,0
550,medium,0.8165756877970112,53.30049220701208,on_time,0
551,medium,0.9757016711033285,67.44102669847396,late,1
552,high,0.8008059100731656,55.54990493956574,on_time,0
553,medium,0.9095944297133951,90.4117605004611,on_time,0
554,medium,0.942103231674204,97.38440129822354,on_time,1
555,high,0.6140398859744662,53.61582376289693,on_time,0
556,medium,0.6060224199541133,97.75576036458507,on_time,0
557,low,0.8054904944254959,76.12882996683726,on_time,0
558,low,0.7055142349033523,64.9782838976937,on_time,0
559,medium,0.9199306514333602,53.84310376380817,on_time,1
560,medium,0.9500115616990056,75.0312134035209,on_time,1
561,medium,0.676710689651359,89.72577722453744,on_time,0
562,low,0.618435279487241,85.35432386333491,late,0
563,low,0.8902627576219309,52.51130057319869,on_time,1
564,low,0.637403017774068,53.645091768395176,on_time,0
565,low,0.9113071592568391,70.14366413163185,on_time,0
566,medium,0.7118691268243814,64.76452470239717,late,1
567,low,0.8337749496457352,61.619216152802395,on_time,0
568,medium,0.5477676569173341,64.05022494543567,on_time,0
569,high,0.8119296623382866,90.17413716484424,late,0
570,low,0.7258838393686146,96.46140268159269,late,1
571,medium,0.793304231587737,70.25513472637832,on_time,0
572,medium,0.5840071038724317,95.30555010662485,on_time,0
573,low,0.868436872472091,66.0747850623941,late,0
574,medium,0.9313985387716143,73.82184931718959,missed,0
575,high,0.6083699000453878,61.30144989079999,late,0
576,high,0.5478572777600809,82.0238021087922,on_time,0
577,low,0.5118192930231682,98.94905575874044,on_time,0
578,high,0.820985750221633,80.17465480216893,on_time,0
579,medium,0.8035470180443904,67.89070420567745,late,1
580,low,0.773348706357035,82.39087229952642,on_time,0
581,medium,0.6159735480579878,56.14603392326938,on_time,1
582,high,0.6954529979527573,94.43295401326993,late,0
583,medium,0.7972381675930865,75.15419753899181,on_time,0
584,low,0.7483834294295847,72.4674871019821,late,0
585,medium,0.9938927601074437,79.29323942267595,on_time,0
586,low,0.5682198762783666,81.23919313947013,on_time,1
587,low,0.8475722770237969,53.58879031132565,on_time,0
588,low,0.7021593840521461,84.13086106117012,late,0
589,low,0.7140998074628073,62.09658401577648,on_time,0
590,low,0.8587988828290881,85.69763162532949,on_time,0
591,low,0.8462180756621849,91.12673971920984,missed,0
592,medium,0.9956279968510942,90.197925377626,on_time,0
593,low,0.5641971447270626,77.62504837039445,on_time,0
594,low,0.5520548246920831,76.00849461553756,on_time,0
595,high,0.8621694085643705,57.14379806697059,on_time,0
596,medium,0.7891934585032045,88.76730752015678,on_time,0
597,medium,0.6370803332799029,63.570469022335715,on_time,0
598,low,0.5397096844944933,74.83477114089733,on_time,0
599,low,0.5428291247982153,64.21370464637583,on_time,0
600,low,0.9470954373320591,56.691418149984656,on_time,0
601,low,0.5959336623593714,81.47788484458682,on_time,0
602,low,0.6616857810577603,52.71660174114519,on_time,0
603,low,0.613328201113494,87.43226170631,on_time,1
604,low,0.6774981529159687,65.87933976305584,on_time,0
605,low,0.5347119213730467,50.00673465022427,on_time,0
606,medium,0.7595298954541352,75.55645696186149,on_time,1
607,low,0.5338062817961075,52.34259542638016,late,1
608,low,0.9001782539111808,63.80847789104497,on_time,0
609,medium,0.6168560409552165,85.3488243727858,missed,1
610,medium,0.7700059573022553,53.13448108109329,missed,0
611,low,0.9400395437807292,91.96692461780012,on_time,0
612,medium,0.825438684523597,50.19099613292916,on_time,0
613,medium,0.7664788932756676,62.34119346009511,on_time,0
614,low,0.6621668765576878,87.04520280760357,late,0
615,high,0.6665009565290989,65.81350748646534,on_time,0
616,high,0.8347434775990951,55.094619403300676,on_time,0
617,low,0.9970696806105838,68.0116959400214,on_time,1
618,low,0.8309195949246893,63.51966431922628,late,1
619,high,0.7788917086850125,92.13559510802774,late,0
620,medium,0.8653252551196231,65.66739587925716,on_time,1
621,low,0.732602806141859,89.44662358880036,on_time,1
622,low,0.5300711713003926,94.59360724053673,on_time,0
623,low,0.7811484079389549,71.69087097882648,on_time,0
624,medium,0.9788126422526902,95.4971571927196,late,0
625,medium,0.5876514711788299,68.86590269815964,on_time,1
626,low,0.8450024454103329,98.20392082450542,on_time,0
627,medium,0.6004668443295282,54.46447622627865,on_time,0
628,medium,0.7679138422365406,84.35096332516213,late,0
629,low,0.5483382248233598,74.69070202284644,late,0
630,low,0.7251854681290926,69.38244027278236,on_time,0
631,medium,0.878081664447623,81.63559393743004,late,0
632,high,0.673785762119491,85.19285458171656,on_time,0
633,medium,0.832455862243609,50.21816348251546,on_time,1
634,medium,0.8977249803948646,58.347654437359935,on_time,1
635,low,0.9635889097397263,85.65230253171593,on_time,0
636,medium,0.6173210409277268,83.31927067891033,on_time,1
637,medium,0.699657957904654,98.30237525643386,missed,0
638,low,0.5762080066652087,88.05188951253915,on_time,0
639,low,0.9962417510791877,97.53863538656691,on_time,0
640,low,0.9635004839621477,85.12702507674035,on_time,1
641,low,0.7699785651402797,64.90261043197216,on_time,1
642,low,0.9210166471882106,55.268246112542826,missed,0
643,low,0.760478988636021,89.09119316724679,on_time,1
644,low,0.8117928440013799,82.2074610737958,on_time,0
645,low,0.5445622160580084,52.40930061966481,late,0
646,high,0.877635210248404,68.00252329504892,on_time,0
647,medium,0.5638567418176175,97.8399907742143,on_time,0
648,medium,0.9130338151262642,75.02005728551006,on_time,0
649,medium,0.891014043835193,71.63645680098523,on_time,1
650,medium,0.8543723488714883,72.8849802579647,missed,0
651,low,0.5180801902623811,60.444136200258185,late,0
652,medium,0.6515641779726643,68.43535854323976,on_time,0
653,medium,0.6315562849554215,68.49066279935883,late,0
654,medium,0.6800682037357595,52.61775100937362,on_time,1
655,medium,0.5438213733819193,88.37838142589591,on_time,0
656,low,0.9684789115155314,70.82522159519395,on_time,0
657,low,0.7769011203561882,91.10899434082117,on_time,1
658,low,0.6527621553290117,92.51740005599477,on_time,0
659,medium,0.6984907585371417,60.599702734932904,on_time,0
660,medium,0.7236012702524178,82.86767410850644,missed,0
661,low,0.8002971666803087,73.6140902081491,on_time,0
662,high,0.7578397138482489,94.00783689607425,on_time,0
663,medium,0.9596959866072087,60.787033958822704,on_time,0
664,low,0.7484817414529151,83.89066001550222,on_time,1
665,low,0.9960790074116563,80.38760611263612,on_time,1
666,low,0.9257124788725479,64.76507387859164,on_time,0
667,low,0.6042552571786679,56.83004518255863,late,0
668,low,0.9652976073219581,82.58198802386383,on_time,1
669,low,0.558183198942738,86.92987290661654,on_time,0
670,low,0.9087248542455958,65.78136718816751,on_time,0
671,low,0.69031164673829,82.2416302011157,on_time,0
672,high,0.9389871602225348,69.75654538057516,on_time,1
673,low,0.9340283450537252,85.66034416413089,late,0
674,medium,0.9029627000588105,59.96076374470265,on_time,0
675,medium,0.8950152181535307,94.51075013180872,on_time,0
676,high,0.6523395695490204,64.37047982327898,on_time,1
677,low,0.5404596415256261,68.38929938780765,on_time,0
678,low,0.7014900893825807,52.90459760401749,on_time,1
679,high,0.5867622574932543,55.57561061606382,late,0
680,high,0.8474755444512309,75.7930951356164,on_time,0
681,high,0.6730498632688928,63.379633836398575,late,0
682,low,0.9878051004299575,91.77401128710972,on_time,0
683,low,0.820486038672666,50.734669432747694,late,1
684,medium,0.9112402818171805,68.95470243359681,on_time,0
685,high,0.5662623363709243,66.86727733845464,on_time,0
686,medium,0.9310072411363113,50.966381545880054,on_time,0
687,medium,0.9613785952566971,56.21841995002551,missed,0
688,low,0.7435309594094679,70.68213374593176,on_time,0
689,medium,0.8031264688754887,74.64322922237233,on_time,0
690,low,0.8824049004514978,70.21448736274345,on_time,1
691,low,0.5874193136302063,76.5468839206047,late,0
692,medium,0.7512830382317213,79.75658374528408,on_time,0
693,medium,0.6993315138861566,50.49619105639178,late,0
694,low,0.5731869960811246,73.2047579726752,on_time,0
695,low,0.6837672111457658,98.17496204437941,on_time,0
696,medium,0.5340861546927468,75.95161400647743,on_time,1
697,low,0.5129059534747435,83.87711337294766,missed,0
698,medium,0.5675831445774113,65.59319289584415,on_time,0
699,low,0.9815575557945869,88.69956890763812,missed,0
700,medium,0.7747647679475085,88.64607409380575,on_time,1
701,medium,0.9829110805766099,76.06480238270694,on_time,0
702,low,0.7162489391650659,98.80069116396068,on_time,0
703,low,0.6559080665426298,56.27751073813267,on_time,0
704,low,0.753070931420122,50.84738324447905,late,0
705,low,0.7197558443164551,88.50791058785481,missed,0
706,high,0.552832342130872,90.35777686824413,late,0
707,low,0.8204131573451031,56.01036145602881,late,0
708,high,0.6080190912547998,63.2791416479303,on_time,0
709,low,0.8097939774489148,50.877618168331445,on_time,1
710,medium,0.8251005461990767,64.66543053902824,missed,0
711,medium,0.576012426564324,88.65709369593358,on_time,0
712,medium,0.5306748135553341,75.89802638562895,late,0
713,medium,0.8903807930342199,67.40477965841441,late,0
714,medium,0.72990021188466,68.58696474531652,on_time,0
715,low,0.5290818977527378,50.06768128577341,missed,0
716,high,0.9974331585848836,64.9900263782618,on_time,0
717,high,0.5288902804981833,82.32293708189653,on_time,0
718,high,0.8475176144292766,98.70972219081786,on_time,1
719,low,0.9918394626317069,92.35304134919497,on_time,0
720,medium,0.6195900521079628,51.17974823227646,on_time,1
721,high,0.5711246843435981,94.92803023374196,on_time,0
722,low,0.5606924697112144,89.15992066493129,late,0
723,low,0.6516375737837978,89.01880617854903,missed,0
724,medium,0.5505229055053233,72.89978795017858,on_time,0
725,medium,0.846080670847066,69.90026464772514,on_time,0
726,high,0.5311458990650313,65.14578644165962,missed,0
727,low,0.7547110640748949,53.284742947718286,on_time,1
728,medium,0.9983484269264884,61.41176817468495,on_time,1
729,low,0.9069851347530093,62.33018174890123,on_time,0
730,low,0.8076097191155054,74.20385348551008,on_time,0
731,low,0.6531268103933059,87.3722203298347,on_time,0
732,high,0.8119479181458192,73.69049141989733,missed,0
733,medium,0.7635207319558258,52.89222247235803,on_time,0
734,medium,0.7130416919451857,97.8894900494102,on_time,1
735,low,0.5653551883700998,97.13621595470562,on_time,0
736,high,0.9433021076202334,89.25947715742042,on_time,0
737,low,0.7248923244106613,99.56639507821103,on_time,0
738,high,0.5973112559103826,77.22411664001315,late,0
739,medium,0.6838796754386448,98.13841751266031,late,0
740,low,0.7070648762644636,53.78025203083754,on_time,0
741,medium,0.9137689477834372,68.28403741306857,missed,0
742,low,0.8668071902807011,61.26906340033829,late,0
743,medium,0.8846524468206699,59.7916542067135,late,0
744,medium,0.5055156322143236,57.0401474446338,on_time,1
745,low,0.7080769990898808,81.12068207829984,on_time,0
746,high,0.7406720758176618,89.06609278736525,on_time,0
747,low,0.5095961384115284,78.91491997101804,on_time,0
748,medium,0.6299066043725171,57.34813547941049,on_time,0
749,high,0.8801449115610676,90.55618849667354,on_time,0
750,medium,0.5685548528644995,81.79773535818643,late,1
751,low,0.7676550657262958,69.40828530634977,late,0
752,high,0.6076009360086188,83.70651477680315,missed,0
753,medium,0.5060603873219467,62.995248962141645,on_time,0
754,low,0.6206007287997708,67.25961042471053,on_time,0
755,low,0.9879368774550269,95.87429215659951,on_time,1
756,medium,0.9007685559414949,64.52522528357102,on_time,1
757,medium,0.9797883221605167,73.49941340789684,on_time,0
758,medium,0.7439270219631813,94.50705686980073,on_time,0
759,high,0.5548680993387518,85.38606751337637,on_time,0
760,medium,0.7739797444868465,53.110161308235135,late,1
761,low,0.7271886672799804,57.36515221394852,on_time,0
762,low,0.922178541369808,50.392079538595844,late,1
763,low,0.5490412903921222,81.54608951145818,on_time,0
764,medium,0.7441205685108891,72.38367127052092,on_time,0
765,low,0.5750243323469921,56.713742545113774,on_time,0
766,medium,0.6623379634450299,97.89670605283852,on_time,1
767,medium,0.8686785386938998,76.482986197281,on_time,1
768,high,0.7380090646843833,62.09466470564446,on_time,0
769,low,0.6879441425728847,75.03017855773538,on_time,0
770,high,0.6972381392850177,83.98101663675538,on_time,0
771,low,0.7297233842029933,53.81196089867822,on_time,0
772,high,0.8925082719185284,63.7351907523946,missed,0
773,low,0.9460423444701171,90.34827454419968,on_time,0
774,low,0.9776673432519641,72.98324352013306,late,1
775,medium,0.8934516931276475,77.32885710161474,on_time,0
776,low,0.6577034478740064,71.64080011047346,missed,1
777,low,0.8440673530432711,52.194997132150256,late,0
778,medium,0.718801562027696,58.2874889910078,on_time,0
779,medium,0.6273353110230255,72.27708193709455,on_time,0
780,medium,0.9204357897129614,60.459273270396395,late,0
781,medium,0.5192131744811626,52.49895143298394,on_time,0
782,medium,0.9508809960677118,92.18248320259119,on_time,0
783,low,0.7307387323123671,99.0596264582058,on_time,0
784,low,0.8186007384041403,89.65714369983698,late,0
785,low,0.8296769611028914,92.68924608523335,late,0
786,high,0.9475588703532682,62.09885651585227,on_time,0
787,medium,0.8183348410836037,98.03134877565998,on_time,1
788,medium,0.8069667923800309,59.84628522267142,on_time,1
789,medium,0.5333260202803449,97.57149051809162,on_time,0
790,high,0.759204010972602,99.74096469829755,missed,0
791,low,0.5750845004085208,85.58614028730244,on_time,0
792,medium,0.8687168843607428,99.0571865895911,on_time,1
793,medium,0.7561109604063372,78.47698897835518,on_time,0
794,medium,0.8401138896041767,62.97708915880452,late,0
795,low,0.5208364503011922,71.84979428328104,on_time,0
796,high,0.5423960080229016,79.6780467689393,on_time,0
797,high,0.8581616940313411,53.65407810135075,on_time,0
798,medium,0.5360421679993367,81.1171632308623,on_time,0
799,medium,0.5356283638826294,99.05889183811473,on_time,0
800,high,0.5060542376174437,59.50538248918638,on_time,0
801,medium,0.97825069914974,89.62975581441916,on_time,0
802,low,0.8687541797295035,95.39493968898097,missed,0
803,medium,0.6766257042510321,97.18507964101104,late,1
804,medium,0.6482677906438277,98.00678022027236,missed,0
805,medium,0.6748516148729248,76.0729819360736,on_time,1
806,medium,0.887326765590591,98.86539539957519,missed,0
807,high,0.8306853055352073,87.86551035672194,on_time,0
808,high,0.592597783933734,58.083571811848095,on_time,1
809,medium,0.5870546676670422,73.8450053233985,on_time,0
810,low,0.5491978248566987,85.9165587686002,on_time,1
811,high,0.8301513598506691,62.36701579095417,on_time,0
812,high,0.882186331110868,82.03075917744437,on_time,1
813,low,0.632523214162502,83.33002395233096,on_time,0
814,high,0.5104724805154564,58.13498719042829,on_time,0
815,high,0.5410858337382136,78.25426562263782,on_time,0
816,medium,0.9839300174225152,88.58134554893039,on_time,1
817,medium,0.6477223887387101,74.9447832267971,on_time,1
818,low,0.8846115739190668,50.60515583880537,late,1
819,low,0.8123317844271318,50.45192345396461,late,1
820,low,0.690969819826448,67.85146719850061,on_time,0
821,high,0.6028436310977776,96.30970342158909,on_time,0
822,low,0.5606932090797032,61.43383898018044,on_time,0
823,low,0.8075064840194333,81.71818444358436,late,0
824,low,0.8873168903188939,61.103793534666025,on_time,0
825,medium,0.8219521267705654,66.08349948297743,on_time,0
826,high,0.7651510666245791,92.4021044800742,on_time,0
827,low,0.5209756117158182,86.44307211349735,on_time,0
828,low,0.9842443887971919,54.76996386566053,on_time,0
829,medium,0.8993570958272873,71.43510104932167,late,0
830,medium,0.6464110183504823,51.458488182263224,on_time,0
831,low,0.9899851646794253,74.04450733015045,on_time,0
832,medium,0.800940794818161,83.1217005850534,late,0
833,low,0.7912113291036232,55.92513117990758,late,0
834,low,0.874036589714766,64.44424694545829,on_time,0
835,medium,0.9058848940450688,69.89183127510785,on_time,0
836,medium,0.8282393036657514,95.97655123280248,on_time,0
837,high,0.5640478731831,99.66275077114821,missed,0
838,low,0.6691337529972492,52.24556494978079,on_time,0
839,medium,0.9640418201630249,88.0503961747696,missed,0
840,medium,0.612307805921926,68.58620332011716,on_time,0
841,low,0.6860835119187567,69.622909311474,on_time,1
842,medium,0.7160384414720979,87.71324866735114,on_time,1
843,low,0.7197024948472261,95.92132160727044,on_time,0
844,high,0.8064697912472627,97.54642972512741,on_time,0
845,low,0.9715379188723539,78.85612930191604,on_time,0
846,medium,0.6203463559162525,67.85605796502514,on_time,0
847,low,0.560750688150459,89.37745429293896,missed,1
848,high,0.5987352449299687,62.55006916311501,on_time,0
849,medium,0.9434624501046347,78.20370144167589,late,0
850,medium,0.822905406327603,67.92892307624366,on_time,0
851,low,0.64295339461958,82.8315536853938,on_time,1
852,medium,0.9079734694843087,62.019945644675346,on_time,0
853,low,0.930684998181718,59.57964728674129,on_time,0
854,high,0.923257169345139,95.91195433377186,missed,0
855,low,0.9594632668197772,55.09018414747685,on_time,0
856,low,0.6261205100866808,75.29789538674657,on_time,0
857,low,0.8775209643731392,61.04263914815044,on_time,0
858,medium,0.73026974863707,51.94649816628337,on_time,1
859,medium,0.9209992764450308,51.80094091457132,on_time,1
860,low,0.8642453385808067,58.76108860529136,late,1
861,medium,0.8882237232498623,93.33851772530002,late,0
862,medium,0.8280809188405358,64.12393719885134,on_time,1
863,medium,0.5887143847348535,97.52295852876479,on_time,0
864,medium,0.7725134594484692,79.08111464945968,on_time,0
865,medium,0.992334869762254,71.8307094884383,on_time,0
866,medium,0.9686940332485594,79.00444173347273,on_time,0
867,low,0.5215868678985058,75.83491926131339,on_time,0
868,low,0.5824074078647186,87.93881268786626,on_time,0
869,high,0.565864386727281,64.12480329864262,on_time,0
870,high,0.8629899549926477,67.65251958001512,on_time,1
871,low,0.9088926649284725,94.70471512666253,on_time,0
872,low,0.606755683155336,97.32282565752027,on_time,0
873,medium,0.7529263464759145,94.62791137432373,on_time,0
874,medium,0.9203515140056,70.97239969786568,late,0
875,low,0.8664007723831253,89.01827515034408,on_time,0
876,low,0.7711186027459241,73.81678666505493,on_time,0
877,medium,0.7951738452293864,74.87699260730511,on_time,0
878,medium,0.75418027345814,60.234005452864196,late,0
879,low,0.6487742256594102,79.55651516292582,on_time,0
880,low,0.782510996429508,59.306794887667394,on_time,1
881,low,0.8444426510250453,66.5782349533597,on_time,0
882,medium,0.9366614579304038,92.75151008099675,late,0
883,low,0.818145676989624,60.35379046054276,missed,1
884,low,0.880560768521579,53.557914258671644,on_time,0
885,medium,0.5800358174772865,53.45037963064082,late,0
886,low,0.730778737209895,97.03922602515539,missed,1
887,medium,0.5046658099135466,75.34602189809173,missed,0
888,low,0.6233394322608115,70.47060359085091,on_time,0
889,low,0.8632308575565024,90.54392905039592,on_time,0
890,low,0.9959049756746817,91.79129639552579,on_time,0
891,medium,0.549589049793608,66.60955165578022,late,0
892,high,0.7007471579306441,84.68090287368976,on_time,0
893,high,0.9000354843495797,88.55614079259433,on_time,0
894,low,0.6020178173144495,82.73253434329773,on_time,0
895,medium,0.7775424746511431,57.57975374000497,late,0
896,low,0.8665356480148374,93.79415417585285,late,0
897,low,0.8079927251300896,76.95472763680044,on_time,0
898,high,0.594012367307708,64.12362131850018,late,0
899,low,0.6776922843428697,71.2614092718847,on_time,0
900,low,0.8918958922426986,51.87855451994537,late,1
901,low,0.7771132570660083,56.39334006112088,on_time,0
902,low,0.5026148067714564,88.27733752579304,on_time,0
903,low,0.8804953800140469,50.00058173776831,missed,0
904,medium,0.5176556774701195,70.82829142411461,on_time,0
905,medium,0.8728668913656161,76.12550905427942,late,1
906,high,0.6012402800826186,52.731721000048616,on_time,0
907,high,0.9790367400596901,98.65390814861664,on_time,1
908,low,0.6839703756510422,61.3062665624836,on_time,0
909,low,0.6634658081690396,65.20993598181404,on_time,0
910,low,0.5744440251662224,65.19712561275136,on_time,0
911,medium,0.6528021077451074,61.520833105867496,on_time,1
912,low,0.9383253809141003,50.07369110431557,on_time,0
913,medium,0.9981671688136237,86.46723970439982,on_time,0
914,medium,0.6841547652534241,98.34227498996427,missed,0
915,medium,0.7243053154772713,61.21467416425225,missed,0
916,medium,0.8610354691013685,83.15235959017113,on_time,1
917,low,0.9430978902325373,87.09481634793576,late,0
918,high,0.7965221670933921,92.42126895452623,on_time,0
919,medium,0.6957628490889147,71.13145985068046,on_time,0
920,low,0.7063109204243119,65.14654528202146,late,0
921,high,0.8478090732484034,66.26475670115155,missed,1
922,medium,0.5016091318021394,85.63106665492563,on_time,0
923,high,0.8097946687299203,90.8389733252818,late,0
924,medium,0.6777465052206787,59.08069838783013,on_time,1
925,medium,0.8970986656385421,68.54705040788826,missed,0
926,low,0.5464953199115661,95.0970098374575,on_time,0
927,low,0.7941011334741952,90.33467598473696,on_time,0
928,medium,0.7404864449430619,99.2429201381238,on_time,0
929,medium,0.8211627629526137,87.71241298410403,on_time,0
930,low,0.5324267972414842,69.65976005139612,on_time,1
931,low,0.7899918937140656,79.53189169973189,missed,0
932,high,0.7807422939797619,83.05071271236602,on_time,0
933,high,0.7803300472080854,53.922790815856196,on_time,1
934,medium,0.8017438332982274,77.22484795519325,on_time,0
935,low,0.8382339686131811,85.46604142363049,on_time,0
936,low,0.9024944998403849,58.366065200053015,on_time,0
937,low,0.6349103600641072,89.03158587127785,on_time,1
938,high,0.912524705090031,79.18863902570558,on_time,0
939,low,0.7491278411317268,97.61108928487974,on_time,0
940,medium,0.5385291395671656,52.12111491034459,on_time,1
941,low,0.5292754646219896,63.266306877773346,late,0
942,medium,0.6671191593480303,80.0776939649912,late,0
943,medium,0.8924484885557338,64.82799561029654,on_time,1
944,high,0.8538404673704578,85.72120820356211,on_time,0
945,low,0.8943074823362032,87.95026412609656,on_time,0
946,low,0.7586345282208047,55.125798203323725,on_time,1
947,low,0.7200994989777453,75.69272321033839,on_time,0
948,high,0.5737262633531419,75.4445277795528,on_time,0
949,high,0.6640963768046557,68.46403851077706,on_time,1
950,medium,0.7170096830869377,96.6462431284836,on_time,1
951,medium,0.5443002148398086,91.37531599366106,on_time,0
952,medium,0.6103059763556056,84.86046909548185,late,0
953,low,0.7991126470318695,85.71633178674988,missed,0
954,high,0.8678315571195949,73.08580719065596,on_time,0
955,medium,0.9991737556964748,96.0497260548288,on_time,0
956,low,0.9665566656717788,84.72977136266427,late,0
957,medium,0.8212825997675958,86.44905308279081,missed,0
958,low,0.7106240266470361,93.08454518936726,on_time,0
959,low,0.8180886823541164,63.70357946710955,on_time,0
960,medium,0.892825809040116,90.35354519333515,on_time,0
961,low,0.5591680954616937,59.7620301478246,on_time,0
962,medium,0.7049524448481441,67.26709761224438,on_time,0
963,low,0.9199011428178085,66.78052271349213,on_time,0
964,low,0.691916475966522,98.92627341945703,on_time,0
965,low,0.7859361356135932,92.82686118739633,on_time,0
966,low,0.793884680431099,85.05849307951298,late,0
967,medium,0.5922381265668197,86.35283808076952,on_time,1
968,low,0.6811177208261442,78.10363972012856,on_time,0
969,medium,0.6672556443709661,97.35453335542596,on_time,1
970,medium,0.5130983542660323,74.81293764411808,on_time,0
971,medium,0.5120958819456776,69.02588549349473,missed,0
972,high,0.9158485218378867,58.15176684657955,on_time,1
973,medium,0.6365354049864063,89.31028261305289,on_time,0
974,low,0.7590393831194078,86.72219660377957,late,0
975,low,0.6493627867943865,69.21775192620674,on_time,0
976,low,0.9703396225576703,51.25967069796147,missed,0
977,medium,0.6296483794328869,91.94986638590053,on_time,0
978,low,0.7148284063694675,50.57089917270368,on_time,0
979,medium,0.9363651252423009,85.18498898145255,on_time,0
980,medium,0.9209667833959043,98.51285548630285,on_time,0
981,low,0.5930507089231387,71.88306640741017,late,1
982,medium,0.9013216548978552,61.74867024979764,late,0
983,low,0.7290934433689463,85.24355050216909,on_time,0
984,low,0.7414844360426776,90.85640710077925,on_time,1
985,medium,0.5667399862079718,77.32151580389237,late,0
986,medium,0.5403007568785623,98.35176376280731,missed,0
987,medium,0.8639696534868826,52.583436082898054,on_time,0
988,medium,0.7482305761776499,75.2397799152264,on_time,0
989,low,0.7184253513075898,85.9226973661275,on_time,0
990,high,0.8647541143261983,93.13202355745895,late,0
991,medium,0.8827564494955549,58.9627805953895,on_time,1
992,medium,0.5794540838346768,90.00017408818407,on_time,0
993,low,0.8051125747388206,77.63535378592726,late,0
994,medium,0.5676770411388428,69.82768409949816,on_time,0
995,low,0.8756875430145228,56.58575142895468,on_time,0
996,low,0.8284775781335698,93.26478794544562,on_time,1
997,high,0.978307310541729,57.863660408985766,on_time,0
998,low,0.5344790081782106,65.48939296045496,on_time,0
999,high,0.5285273605756271,64.50227659812184,on_time,1
1000,medium,0.6410935373466,93.57070170954272,on_time,0
